{"train_composition_loss_step":3.1906778812408447,"_timestamp":1.763103873737261e+09,"train_kld_loss_step":29.518539428710938,"lr-Adam":0.001,"train_natom_loss_step":2.561279296875,"_wandb":{"runtime":35},"trainer/global_step":99,"epoch":0,"_step":3,"train_lattice_loss_step":0.49425435066223145,"train_loss_step":56.14991760253906,"train_type_loss_step":29.318466186523438,"_runtime":35,"train_coord_loss_step":1.5841765403747559,"graph_0":{"_type":"graph-file","sha256":"2277cc3612fd4ed269b485b4bf7e3e456e49a47fcf54791eb0f74e896bf34615","size":35783,"path":"media/graph/graph_0_summary_2277cc3612fd4ed269b4.graph.json"}}