{"_timestamp":1.7631078204893153e+09,"lr-Adam":0.001,"train_kld_loss_step":5.342108726501465,"train_type_loss_step":58.84165954589844,"train_composition_loss_step":3.5251429080963135,"train_lattice_loss_step":0.6053107976913452,"_wandb":{"runtime":22},"train_loss_step":99.31531524658203,"train_coord_loss_step":2.7922544479370117,"_runtime":22,"graph_0":{"_type":"graph-file","sha256":"81f615312f8328a4dac9c4fd208bcd393f46a31ce7a1faa5f53a4670e1806fe6","size":35783,"path":"media/graph/graph_0_summary_81f615312f8328a4dac9.graph.json"},"_step":1,"epoch":0,"train_natom_loss_step":2.91943359375,"trainer/global_step":49}